{
  "frame": 33,
  "sequence": 31,
  "step": 0,
  "timestamp": 0.0,
  "captures": [
    {
      "@type": "type.unity.com/unity.solo.RGBCamera",
      "id": "camera",
      "description": "",
      "position": [
        0.0,
        9.280001,
        0.0
      ],
      "rotation": [
        0.706084669,
        0.0,
        0.0,
        0.7081274
      ],
      "velocity": [
        0.0,
        0.0,
        0.0
      ],
      "acceleration": [
        0.0,
        0.0,
        0.0
      ],
      "filename": "step0.camera.png",
      "imageFormat": "Png",
      "dimension": [
        512.0,
        512.0
      ],
      "projection": "Perspective",
      "matrix": [
        1.73205078,
        0.0,
        0.0,
        0.0,
        1.73205078,
        0.0,
        0.0,
        0.0,
        -1.0006001
      ],
      "annotations": [
        {
          "@type": "type.unity.com/unity.solo.BoundingBox2DAnnotation",
          "id": "bounding box",
          "sensorId": "camera",
          "description": "Produces 2D bounding box annotations for all visible objects that bear a label defined in this labeler's associated label configuration.",
          "values": [
            {
              "instanceId": 32,
              "labelId": 2,
              "labelName": "cup",
              "origin": [
                276.0,
                217.0
              ],
              "dimension": [
                100.0,
                97.0
              ]
            }
          ]
        }
      ]
    }
  ],
  "metrics": [
    {
      "@type": "type.unity.com/unity.solo.GenericMetric",
      "id": "scenario_iteration",
      "sensorId": "",
      "annotationId": "",
      "description": "Iteration information for dataset sequences",
      "value": 31
    },
    {
      "@type": "type.unity.com/unity.solo.GenericMetric",
      "id": "random-seed",
      "sensorId": "",
      "annotationId": "",
      "description": "The random seed used to initialize the random state of the simulation. Only triggered once per simulation.",
      "value": 539662031
    }
  ]
}